{
  "train_ap": 0.681944088343915,
  "test_ap": 0.5460021752541807,
  "threshold": 0.32
}
