{
  "threshold": 0.3425620140675777,
  "test_ap": 0.5536385344133115,
  "test_roc_auc": 0.7991213713498148
}
